{
  "hash": "89a5223e",
  "configHash": "5ad23979",
  "lockfileHash": "2848abab",
  "browserHash": "e4ef03f9",
  "optimized": {
    "@angular/common": {
      "src": "../../../../../../node_modules/@angular/common/fesm2022/common.mjs",
      "file": "@angular_common.js",
      "fileHash": "ad3a8a84",
      "needsInterop": false
    },
    "@angular/common/http": {
      "src": "../../../../../../node_modules/@angular/common/fesm2022/http.mjs",
      "file": "@angular_common_http.js",
      "fileHash": "1fcf3e3d",
      "needsInterop": false
    },
    "@angular/core": {
      "src": "../../../../../../node_modules/@angular/core/fesm2022/core.mjs",
      "file": "@angular_core.js",
      "fileHash": "7297191a",
      "needsInterop": false
    },
    "@angular/core/rxjs-interop": {
      "src": "../../../../../../node_modules/@angular/core/fesm2022/rxjs-interop.mjs",
      "file": "@angular_core_rxjs-interop.js",
      "fileHash": "a0aab4f4",
      "needsInterop": false
    },
    "@angular/forms": {
      "src": "../../../../../../node_modules/@angular/forms/fesm2022/forms.mjs",
      "file": "@angular_forms.js",
      "fileHash": "fc45da12",
      "needsInterop": false
    },
    "@angular/platform-browser": {
      "src": "../../../../../../node_modules/@angular/platform-browser/fesm2022/platform-browser.mjs",
      "file": "@angular_platform-browser.js",
      "fileHash": "8a835c22",
      "needsInterop": false
    },
    "@angular/router": {
      "src": "../../../../../../node_modules/@angular/router/fesm2022/router.mjs",
      "file": "@angular_router.js",
      "fileHash": "a9875d91",
      "needsInterop": false
    },
    "rxjs": {
      "src": "../../../../../../node_modules/rxjs/dist/esm5/index.js",
      "file": "rxjs.js",
      "fileHash": "a455a8c7",
      "needsInterop": false
    }
  },
  "chunks": {
    "chunk-5FGX4I52": {
      "file": "chunk-5FGX4I52.js"
    },
    "chunk-EFAKHZHL": {
      "file": "chunk-EFAKHZHL.js"
    },
    "chunk-NUZVLM2Y": {
      "file": "chunk-NUZVLM2Y.js"
    },
    "chunk-WOQ47UI3": {
      "file": "chunk-WOQ47UI3.js"
    },
    "chunk-K7DPVVR2": {
      "file": "chunk-K7DPVVR2.js"
    },
    "chunk-4KSFPPYH": {
      "file": "chunk-4KSFPPYH.js"
    },
    "chunk-PJVWDKLX": {
      "file": "chunk-PJVWDKLX.js"
    }
  }
}